{
  "modelVersion" : "2.3",
  "properties" : [
    {
      "label" : "Required",
      "name" : "required",
      "help" : "In the context of a form container, use $form.$invalid as a Boolean to check form validity in a widget property",
      "type" : "boolean",
      "defaultValue" : false,
      "bond" : "expression"
    },
    {
      "label" : "Read-only",
      "name" : "readOnly",
      "type" : "boolean",
      "defaultValue" : false,
      "bond" : "expression"
    },
    {
      "label" : "Interpret HTML in label",
      "name" : "allowHTML",
      "help" : "If you choose 'no', HTML code will be escaped instead of being interpreted. If you choose 'Yes', this could potentially lead to HTML injections attacks. Please take into account these risks.",
      "showFor" : "properties.labelHidden.value === false",
      "type" : "boolean",
      "defaultValue" : false,
      "bond" : "constant"
    },
    {
      "label" : "Label hidden",
      "name" : "labelHidden",
      "type" : "boolean",
      "defaultValue" : false,
      "bond" : "constant"
    },
    {
      "label" : "Label",
      "name" : "label",
      "showFor" : "properties.labelHidden.value === false",
      "type" : "text",
      "defaultValue" : "Amount",
      "bond" : "interpolation"
    },
    {
      "label" : "Label position",
      "name" : "labelPosition",
      "showFor" : "properties.labelHidden.value === false",
      "type" : "choice",
      "defaultValue" : "top",
      "choiceValues" : [
        "left",
        "top"
      ],
      "bond" : "constant"
    },
    {
      "label" : "Label width",
      "name" : "labelWidth",
      "showFor" : "properties.labelHidden.value === false",
      "type" : "integer",
      "defaultValue" : 4,
      "bond" : "constant",
      "constraints" : {
        "min" : "1",
        "max" : "12"
      }
    },
    {
      "label" : "Placeholder",
      "name" : "placeholder",
      "help" : "Short hint that describes the expected value",
      "type" : "text",
      "bond" : "interpolation"
    },
    {
      "label" : "Value",
      "name" : "value",
      "caption" : "Any variable: <i>myData</i> or <i>myData.attribute</i>",
      "help" : "Numerical value entered by user input formatted as float number. A rounding is applied.",
      "type" : "text",
      "bond" : "variable"
    },
    {
      "label" : "Min value",
      "name" : "min",
      "help" : "In the context of a form container, use $form.$invalid as a Boolean to check form validity in a widget property",
      "type" : "integer",
      "bond" : "expression"
    },
    {
      "label" : "Max value",
      "name" : "max",
      "help" : "In the context of a form container, use $form.$invalid as a Boolean to check form validity in a widget property",
      "type" : "integer",
      "bond" : "expression"
    },
    {
      "label" : "Symbol",
      "name" : "maskCurrency",
      "help" : "Can be any string, hence enabling any symbol (€, $, …) or any abbreviation (EUR, USD, …). Numeric characters will be removed on display",
      "type" : "text",
      "defaultValue" : "€",
      "bond" : "expression"
    },
    {
      "label" : "Symbol position",
      "name" : "orientation",
      "help" : "The position of the currency symbol",
      "type" : "choice",
      "defaultValue" : "right",
      "choiceValues" : [
        "left",
        "right"
      ],
      "bond" : "expression"
    },
    {
      "label" : "Symbol indentation",
      "name" : "indentation",
      "help" : "Defines character(s) separation between currency sign and value",
      "type" : "choice",
      "defaultValue" : "none",
      "choiceValues" : [
        "none",
        "whitespace"
      ],
      "bond" : "expression"
    },
    {
      "label" : "Number of decimal",
      "name" : "decimalSize",
      "help" : "Number of digits after the decimal separator",
      "type" : "integer",
      "defaultValue" : 2,
      "bond" : "expression",
      "constraints" : {
        "min" : "0",
        "max" : "3"
      }
    },
    {
      "label" : "Decimal separator",
      "name" : "decimal",
      "help" : "The character separator to the fraction",
      "type" : "choice",
      "defaultValue" : ",",
      "choiceValues" : [
        ",",
        "."
      ],
      "bond" : "expression"
    },
    {
      "label" : "Thousands separator",
      "name" : "group",
      "help" : "The character used as the thousands separator",
      "type" : "choice",
      "defaultValue" : "whitespace",
      "choiceValues" : [
        "none",
        "whitespace",
        ",",
        "."
      ],
      "bond" : "expression"
    }
  ],
  "id" : "pbCurrencyInput",
  "name" : "Currency Input",
  "lastUpdate" : 1679120345775,
  "template" : "@pbCurrencyInput.tpl.html",
  "icon" : "<svg width=\"50\" height=\"20\" xmlns=\"http://www.w3.org/2000/svg\"> <g>    <g id=\"svg_1\">   <path id=\"svg_2\" d=\"m0.88024,19l0,-18l48,0l0,18l-48,0zm-1,-19l0,20l50,0l0,-20l-50,0zm6,18l0,-1l-1,0l0,1l1,0zm2,-1l-1,0l0,1l1,0l0,-1zm-1,-15l0,1l1,0l0,-1l-1,0zm-2,1l1,0l0,-1l-1,0l0,1zm1,0l0,14l1,0l0,-14l-1,0z\" fill=\"#fff\"/>  </g>  <text fill=\"#ffffff\" stroke-width=\"0\" x=\"38.69116\" y=\"15.14192\" id=\"svg_3\" font-size=\"24\" font-family=\"Noto Sans JP\" text-anchor=\"start\" xml:space=\"preserve\" stroke=\"#000\" transform=\"matrix(1.0014 0 0 0.840179 -2.51108 3.72124)\">$</text>  <rect stroke=\"#000\" id=\"svg_4\" height=\"15.20956\" width=\"49.34124\" y=\"21.55687\" x=\"0.20962\" fill=\"#fff\"/></g></svg>",
  "controller" : "@pbCurrencyInput.ctrl.js",
  "description" : "Field where the user can enter information with a currency formatting.",
  "custom" : false,
  "order" : 1,
  "assets" : [
    {
      "id" : "dad0d91e-4b99-4b12-afd5-a53aecf846aa",
      "name" : "angularjs-currency-input-mask-1.1.6-patched.min.js",
      "type" : "js",
      "order" : 0,
      "external" : false
    }
  ],
  "requiredModules" : [
    "cur.$mask"
  ],
  "type" : "widget",
  "hasHelp" : false
}